site,category,product,price_LKR,cash_price_LKR,is_own_shop,scraped_at
IdealZ (Your Shop),IdealZ iPhone,iPhone 17 Pro Max 256GB (E-Sim) (Silver),427500,427500.0,True,2026-02-20 10:21:08
IdealZ (Your Shop),IdealZ iPhone,iPhone 17 Pro Max 256GB (Orange-Silver),453200,453200.0,True,2026-02-20 10:21:08
IdealZ (Your Shop),IdealZ iPhone,iPhone 17 Pro Max 256GB (Blue),448100,448100.0,True,2026-02-20 10:21:08
IdealZ (Your Shop),IdealZ iPhone,iPhone 17 Pro Max 512GB (Blue),504700,504700.0,True,2026-02-20 10:21:08
IdealZ (Your Shop),IdealZ iPhone,iPhone 17 Pro 512GB,494400,494400.0,True,2026-02-20 10:21:08
IdealZ (Your Shop),IdealZ iPhone,iPhone 17 Pro 256GB (E-sim),386300,386300.0,True,2026-02-20 10:21:08
IdealZ (Your Shop),IdealZ iPhone,iPhone 17 256GB,288400,288400.0,True,2026-02-20 10:21:08
IdealZ (Your Shop),IdealZ iPhone,iPhone 17 256GB (Sage),293600,293600.0,True,2026-02-20 10:21:08
IdealZ (Your Shop),IdealZ iPhone,iPhone 17 512GB,391400,391400.0,True,2026-02-20 10:21:08
IdealZ (Your Shop),IdealZ iPhone,iPhone 17 Pro 256GB (X/A),406900,406900.0,True,2026-02-20 10:21:08
IdealZ (Your Shop),IdealZ iPhone,iPhone 17 Pro Max 256GB (E-Sim) (Blue-Orange),422300,422300.0,True,2026-02-20 10:21:08
IdealZ (Your Shop),IdealZ iPhone,iPhone 17 Pro Max 512GB (Orange - Silver),509900,509900.0,True,2026-02-20 10:21:08
IdealZ (Your Shop),IdealZ iPhone,iPhone 17 Pro Max 1TB (ZA/A) - (X/A),602600,602600.0,True,2026-02-20 10:21:08
IdealZ (Your Shop),IdealZ iPhone,iPhone 14 128GB,164800,164800.0,True,2026-02-20 10:21:08
IdealZ (Your Shop),IdealZ iPhone,iPhone 15 128GB,195700,195700.0,True,2026-02-20 10:21:08
IdealZ (Your Shop),IdealZ iPhone,iPhone 16 128GB,229700,229700.0,True,2026-02-20 10:21:08
IdealZ (Your Shop),IdealZ iPhone,iPhone 16 256GB,256500,256500.0,True,2026-02-20 10:21:08
IdealZ (Your Shop),IdealZ iPhone,iPhone 16 Pro 256GB,381100,381100.0,True,2026-02-20 10:21:08
IdealZ (Your Shop),IdealZ iPhone,iPhone 16 Pro Max 256GB,391400,391400.0,True,2026-02-20 10:21:08
LuxuryX,LuxuryX Android/Samsung,Google Pixel 7,99000,,False,2026-02-20 10:21:08
LuxuryX,LuxuryX Android/Samsung,Google Pixel 7 Pro,117000,,False,2026-02-20 10:21:08
LuxuryX,LuxuryX Android/Samsung,Google Pixel 8,123500,,False,2026-02-20 10:21:08
LuxuryX,LuxuryX Android/Samsung,Google Pixel 8 Pro,152000,,False,2026-02-20 10:21:08
LuxuryX,LuxuryX Android/Samsung,Google Pixel 9,186500,,False,2026-02-20 10:21:08
LuxuryX,LuxuryX Android/Samsung,Google Pixel 9 Pro Fold,355000,,False,2026-02-20 10:21:08
LuxuryX,LuxuryX Android/Samsung,Google Pixel 9 Pro XL,261900,,False,2026-02-20 10:21:08
LuxuryX,LuxuryX Android/Samsung,Samsung Galaxy S23 Ultra,230000,,False,2026-02-20 10:21:08
LuxuryX,LuxuryX Android/Samsung,Samsung Galaxy S24 Ultra,251500,,False,2026-02-20 10:21:08
LuxuryX,LuxuryX Android/Samsung,Samsung Galaxy S25 Ultra,284000,,False,2026-02-20 10:21:08
LuxuryX,LuxuryX Android/Samsung,Samsung Galaxy Tab A9,44900,,False,2026-02-20 10:21:08
LuxuryX,LuxuryX Android/Samsung,Samsung Galaxy Tab A9 Plus,49500,,False,2026-02-20 10:21:08
LuxuryX,LuxuryX Android/Samsung,Samsung Galaxy S24 FE,113500,,False,2026-02-20 10:21:08
LuxuryX,LuxuryX Android/Samsung,Samsung Galaxy S24,142000,,False,2026-02-20 10:21:08
LuxuryX,LuxuryX Android/Samsung,Samsung Galaxy S25,212000,,False,2026-02-20 10:21:08
LuxuryX,LuxuryX Android/Samsung,Google Pixel 10 Pro XL,295000,,False,2026-02-20 10:21:08
LuxuryX,LuxuryX Android/Samsung,Google Pixel 10,221000,,False,2026-02-20 10:21:08
LuxuryX,LuxuryX Android/Samsung,Google Pixel 10 Pro Fold,575000,,False,2026-02-20 10:21:08
LuxuryX,LuxuryX Apple iPhone,iPhone 16,227000,,False,2026-02-20 10:21:08
LuxuryX,LuxuryX Apple iPhone,iPhone 15,190000,,False,2026-02-20 10:21:08
LuxuryX,LuxuryX Apple iPhone,iPhone 14,160000,,False,2026-02-20 10:21:08
LuxuryX,LuxuryX Apple iPhone,iPhone 13,155000,,False,2026-02-20 10:21:08
LuxuryX,LuxuryX Apple iPhone,iPhone 17,289000,,False,2026-02-20 10:21:08
LuxuryX,LuxuryX Apple iPhone,iPhone 17 Pro,396000,,False,2026-02-20 10:21:08
LuxuryX,LuxuryX Apple iPhone,iPhone 17 Pro Max,433000,,False,2026-02-20 10:21:08
LuxuryX,LuxuryX Apple iPhone,iPhone Air,326000,,False,2026-02-20 10:21:08
LuxuryX,LuxuryX Apple iPad,iPad mini 7,149000,,False,2026-02-20 10:21:08
LuxuryX,LuxuryX Apple iPad,iPad Pro 11 inch M2 Chip,275000,,False,2026-02-20 10:21:08
LuxuryX,LuxuryX Apple iPad,iPad Air M3 13-inch (2025),249000,,False,2026-02-20 10:21:08
LuxuryX,LuxuryX Apple iPad,iPad 11,117000,,False,2026-02-20 10:21:08
LuxuryX,LuxuryX Apple iPad,iPad Air M3 11-inch (2025),182000,,False,2026-02-20 10:21:08
LuxuryX,LuxuryX Apple iPad,iPad Pro 11 inch M5 Chip (2025),294000,,False,2026-02-20 10:21:08
LuxuryX,LuxuryX Apple iPad,iPad Pro 13 inch M5 Chip (2025),409000,,False,2026-02-20 10:21:08
LuxuryX,LuxuryX MacBook,MacBook Air 13 inch M2 Chip,234000,,False,2026-02-20 10:21:08
LuxuryX,LuxuryX MacBook,MacBook Pro 14 inch M2 Pro Chip,636000,,False,2026-02-20 10:21:08
LuxuryX,LuxuryX MacBook,MacBook Pro 14 inch M3 Chip,421000,,False,2026-02-20 10:21:08
LuxuryX,LuxuryX MacBook,MacBook Pro 14 inch M4 Chip,476000,,False,2026-02-20 10:21:08
LuxuryX,LuxuryX MacBook,MacBook Pro 14 inch M4 Pro Chip,620000,,False,2026-02-20 10:21:08
LuxuryX,LuxuryX MacBook,MacBook Pro 14 inch M4 Max,906000,,False,2026-02-20 10:21:08
LuxuryX,LuxuryX MacBook,MacBook Pro 16 inch M3 Max,826000,,False,2026-02-20 10:21:08
LuxuryX,LuxuryX MacBook,MacBook Pro 16 inch (M4 Pro),690000,,False,2026-02-20 10:21:08
LuxuryX,LuxuryX MacBook,MacBook Pro 16 inch (M4 Max),1095000,,False,2026-02-20 10:21:08
LuxuryX,LuxuryX MacBook,iMac M4,518000,,False,2026-02-20 10:21:08
LuxuryX,LuxuryX MacBook,Mac Mini M2 Pro,427000,,False,2026-02-20 10:21:08
LuxuryX,LuxuryX MacBook,Mac Mini M4,184000,,False,2026-02-20 10:21:08
LuxuryX,LuxuryX MacBook,Mac Mini M4 Pro,379000,,False,2026-02-20 10:21:08
LuxuryX,LuxuryX MacBook,Apple Mac Studio M2 Max,749000,,False,2026-02-20 10:21:08
LuxuryX,LuxuryX MacBook,MacBook Air 13 inch M4 Chip,287000,,False,2026-02-20 10:21:08
LuxuryX,LuxuryX MacBook,MacBook Air M4 Chip 15 inch,344000,,False,2026-02-20 10:21:08
LuxuryX,LuxuryX MacBook,Apple Mac Studio M4 Max,668000,,False,2026-02-20 10:21:08
LuxuryX,LuxuryX MacBook,Apple Mac Studio M3 Ultra,1278000,,False,2026-02-20 10:21:08
LuxuryX,LuxuryX MacBook,MacBook Pro 14 inch M5 Chip,499000,,False,2026-02-20 10:21:08
LuxuryX,LuxuryX AirPods,Apple Airpods 2,29000,,False,2026-02-20 10:21:08
LuxuryX,LuxuryX AirPods,Apple AirPods 3,35000,,False,2026-02-20 10:21:08
LuxuryX,LuxuryX AirPods,Apple AirPods 4 (ANC),46800,,False,2026-02-20 10:21:08
LuxuryX,LuxuryX AirPods,Apple Airpods Max,155000,,False,2026-02-20 10:21:08
LuxuryX,LuxuryX AirPods,Apple AirPods 4,36900,,False,2026-02-20 10:21:08
LuxuryX,LuxuryX AirPods,Powerbeats Pro 2,81000,,False,2026-02-20 10:21:08
LuxuryX,LuxuryX AirPods,Apple AirPods Pro 3,74500,,False,2026-02-20 10:21:08
LuxuryX,LuxuryX AirPods,Powerbeats Fit,69000,,False,2026-02-20 10:21:08
Francium,Francium iPhone,iPhone 16E,189900,,False,2026-02-20 10:21:08
Francium,Francium iPhone,iPhone 16 Plus,284900,,False,2026-02-20 10:21:08
Francium,Francium iPhone,iPhone 16,234900,,False,2026-02-20 10:21:08
Francium,Francium iPhone,iPhone 15,199900,,False,2026-02-20 10:21:08
Francium,Francium iPhone,iPhone 14,167900,,False,2026-02-20 10:21:08
Francium,Francium iPhone,iPhone 13,159900,,False,2026-02-20 10:21:08
Francium,Francium iPad,iPad 11th Gen,125900,,False,2026-02-20 10:21:08
Francium,Francium iPad,iPad Air M3 11-inch,189900,,False,2026-02-20 10:21:08
Francium,Francium iPad,iPad Pro M5 13-inch Nano Texture Glass,624900,,False,2026-02-20 10:21:08
Francium,Francium iPad,iPad 10th Gen,112900,,False,2026-02-20 10:21:08
Francium,Francium iPad,iPad Pro M5 11-inch Standard Glass,334900,,False,2026-02-20 10:21:08
Francium,Francium iPad,iPad Mini 7,159900,,False,2026-02-20 10:21:08
Francium,Francium iPad,iPad Pro M5 13-inch Standard Glass,424900,,False,2026-02-20 10:21:08
Francium,Francium iPad,iPad Air M3 13-inch,264900,,False,2026-02-20 10:21:08
Francium,Francium iPad,iPad Air M2 11-inch,169900,,False,2026-02-20 10:21:08
Francium,Francium iPad,iPad Air M2 13-inch,239900,,False,2026-02-20 10:21:08
Francium,Francium iPad,iPad Pro M5 11-inch Nano Texture Glass,534900,,False,2026-02-20 10:21:08
Francium,Francium MacBook,MacBook Air M4 13-inch,309900,,False,2026-02-20 10:21:08
Francium,Francium MacBook,Mac mini M4,194900,,False,2026-02-20 10:21:08
Francium,Francium MacBook,MacBook Air M4 15-inch,369900,,False,2026-02-20 10:21:08
Francium,Francium MacBook,MacBook Air M2 13-inch,249900,,False,2026-02-20 10:21:08
Francium,Francium MacBook,MacBook Air M3 13-inch,279900,,False,2026-02-20 10:21:08
Francium,Francium MacBook,MacBook Pro M3 Pro 16-inch,689900,,False,2026-02-20 10:21:08
Francium,Francium MacBook,MacBook Pro M5 14-inch,529900,,False,2026-02-20 10:21:08
Francium,Francium MacBook,iMac M4 8-Core CPU and 8-Core GPU Standard glass,469900,,False,2026-02-20 10:21:08
Francium,Francium MacBook,MacBook Air M3 15-inch,319900,,False,2026-02-20 10:21:08
Francium,Francium MacBook,MacBook Pro M4 Pro 14inch,629900,,False,2026-02-20 10:21:08
Francium,Francium MacBook,Mac Studio M4 Max 12-Core CPU 30-Core GPU,709900,,False,2026-02-20 10:21:08
Francium,Francium AirPods,AirPods 4,39900,,False,2026-02-20 10:21:08
Francium,Francium AirPods,AirPods 4 ANC,51900,,False,2026-02-20 10:21:08
Francium,Francium AirPods,AirPods Max,179900,,False,2026-02-20 10:21:08
Francium,Francium Watch,Apple Watch Series 11 Titanium Case 46mm GPS + Cellular,319900,,False,2026-02-20 10:21:08
Francium,Francium Watch,Apple Watch Series 11 Titanium Case 42mm GPS + Cellular,314900,,False,2026-02-20 10:21:08
Francium,Francium Watch,Apple Watch Series 11 Aluminium Case 46mm GPS + Cellular,209900,,False,2026-02-20 10:21:08
Francium,Francium Watch,Apple Watch Series 11 Aluminium Case 42mm GPS+Cellular,189900,,False,2026-02-20 10:21:08
Francium,Francium Watch,Apple Watch Series SE 3 44mm GPS + Cellular,139900,,False,2026-02-20 10:21:08
Francium,Francium Watch,Apple Watch Series SE 3 44mm GPS,96900,,False,2026-02-20 10:21:08
Francium,Francium Watch,Apple Watch Series SE 3 40mm GPS + Cellular,129900,,False,2026-02-20 10:21:08
Francium,Francium Watch,Apple Watch Series SE 3 40mm GPS,86900,,False,2026-02-20 10:21:08
Francium,Francium Watch,Apple Watch Series 11 Aluminium Case 46mm GPS,124900,,False,2026-02-20 10:21:08
Francium,Francium Watch,Apple Watch Series 11 Aluminium Case 42mm GPS,114900,,False,2026-02-20 10:21:08
Francium,Francium Watch,Apple Watch Ultra 3,279900,,False,2026-02-20 10:21:08
PresentSolution,PresentSolution iPhone,iPhone 11 (Pre Owned),85000,,False,2026-02-20 10:21:08
PresentSolution,PresentSolution iPhone,iPhone 11 Pro (Pre Owned),89900,,False,2026-02-20 10:21:08
PresentSolution,PresentSolution iPhone,iPhone 11 Pro Max (Pre Owned),99900,,False,2026-02-20 10:21:08
PresentSolution,PresentSolution iPhone,iPhone 12 (Pre-Owned),95000,,False,2026-02-20 10:21:08
PresentSolution,PresentSolution iPhone,iPhone 12 Pro (Pre-Owned),125000,,False,2026-02-20 10:21:08
PresentSolution,PresentSolution iPhone,iPhone 12 Pro Max (Pre-Owned),145000,,False,2026-02-20 10:21:08
PresentSolution,PresentSolution iPhone,iPhone 13 (Pre-Owned),120000,,False,2026-02-20 10:21:08
PresentSolution,PresentSolution iPhone,iPhone 13 Pro (Pre-Owned),145000,,False,2026-02-20 10:21:08
PresentSolution,PresentSolution iPhone,iPhone 13 Pro Max (Pre-Owned),165000,,False,2026-02-20 10:21:08
PresentSolution,PresentSolution iPhone,iPhone 14 (Pre-Owned),130000,,False,2026-02-20 10:21:08
PresentSolution,PresentSolution iPhone,iPhone 14 Pro (Pre-Owned),210000,,False,2026-02-20 10:21:08
PresentSolution,PresentSolution iPhone,iPhone 14 Pro Max (Pre-Owned),225000,,False,2026-02-20 10:21:08
PresentSolution,PresentSolution iPhone,iPhone 15 (Pre-Owned),165000,,False,2026-02-20 10:21:08
PresentSolution,PresentSolution iPhone,iPhone 15 Pro (Pre-Owned),225000,,False,2026-02-20 10:21:08
PresentSolution,PresentSolution iPhone,iPhone 15 Pro Max (Pre-Owned),260000,,False,2026-02-20 10:21:08
PresentSolution,PresentSolution iPhone,iPhone 16 (Pre Owned),205000,,False,2026-02-20 10:21:08
PresentSolution,PresentSolution iPhone,iPhone 16 Pro (Pre Owned),290000,,False,2026-02-20 10:21:08
PresentSolution,PresentSolution iPhone,iPhone 16 Pro Max (Pre Owned),375000,,False,2026-02-20 10:21:08
PresentSolution,PresentSolution iPhone,iPhone 17 (Pre Owned),240000,,False,2026-02-20 10:21:08
PresentSolution,PresentSolution iPhone,iPhone 17 Pro (Pre Owned),350000,,False,2026-02-20 10:21:08
PresentSolution,PresentSolution iPhone,iPhone 17 Pro Max (Pre Owned),395000,,False,2026-02-20 10:21:08
PresentSolution,PresentSolution iPhone,iPhone SE 2 (Pre Owned),54900,,False,2026-02-20 10:21:08
PresentSolution,PresentSolution iPhone,iPhone X (Pre Owned),45000,,False,2026-02-20 10:21:08
PresentSolution,PresentSolution Watch,Apple Watch SE 3,136900,,False,2026-02-20 10:21:08
PresentSolution,PresentSolution Watch,Apple watch series 10 aluminum,119999,,False,2026-02-20 10:21:08
PresentSolution,PresentSolution Watch,Apple Watch Series 11 Aluminum,133999,,False,2026-02-20 10:21:08
PresentSolution,PresentSolution Watch,Apple Watch Series SE 2nd Gen,75999,,False,2026-02-20 10:21:08
PresentSolution,PresentSolution Watch,Apple Watch Ultra 2,194999,,False,2026-02-20 10:21:08
PresentSolution,PresentSolution Watch,Apple watch ultra 3,248900,,False,2026-02-20 10:21:08
GeniusMobile,GeniusMobile iPhone,Apple iPhone 12 128GB with Apple Care,139990,,False,2026-02-20 10:21:08
GeniusMobile,GeniusMobile iPhone,Apple iPhone 13 128GB with Apple Care,169990,,False,2026-02-20 10:21:08
GeniusMobile,GeniusMobile iPhone,Apple iPhone 13 128GB with Gnext Warranty,164990,,False,2026-02-20 10:21:08
GeniusMobile,GeniusMobile iPhone,Apple iPhone 14 128GB with Apple Care,190990,,False,2026-02-20 10:21:08
GeniusMobile,GeniusMobile iPhone,Apple iPhone 14 128GB with Gnext Warranty,190000,,False,2026-02-20 10:21:08
GeniusMobile,GeniusMobile iPhone,Apple iPhone 15 128GB with Apple Care,194990,,False,2026-02-20 10:21:08
GeniusMobile,GeniusMobile iPhone,Apple iPhone 15 128GB with Gnext Warranty,215900,,False,2026-02-20 10:21:08
GeniusMobile,GeniusMobile iPhone,Apple iPhone 15 256GB with Apple Care,229990,,False,2026-02-20 10:21:08
GeniusMobile,GeniusMobile iPhone,Apple iPhone 16 128GB with Gnext Warranty,240000,,False,2026-02-20 10:21:08
GeniusMobile,GeniusMobile iPhone,Apple iPhone 16 256GB with Gnext Warranty,282990,,False,2026-02-20 10:21:08
GeniusMobile,GeniusMobile iPhone,Apple iPhone 16 Plus 128GB with Apple Care Warranty,237990,,False,2026-02-20 10:21:08
GeniusMobile,GeniusMobile iPhone,Apple iPhone 16 Plus 256GB with Apple Care Warranty,284900,,False,2026-02-20 10:21:08
GeniusMobile,GeniusMobile iPhone,Apple iPhone 16 Pro 128GB with Apple Care Warranty,329000,,False,2026-02-20 10:21:08
GeniusMobile,GeniusMobile iPhone,Apple iPhone 16 Pro 128GB with Gnext,420000,,False,2026-02-20 10:21:08
GeniusMobile,GeniusMobile iPhone,Apple iPhone 16 Pro 256GB with Apple Care Warranty,370900,,False,2026-02-20 10:21:08
GeniusMobile,GeniusMobile iPhone,Apple iPhone 16 Pro Max 256GB with Apple Care Warranty,379900,,False,2026-02-20 10:21:08
GeniusMobile,GeniusMobile iPhone,Apple iPhone 16 Pro Max 512GB with Apple Care Warranty,429900,,False,2026-02-20 10:21:08
GeniusMobile,GeniusMobile iPhone,Apple iPhone 16 Pro Max 512GB with Gnext,439000,,False,2026-02-20 10:21:08
GeniusMobile,GeniusMobile iPhone,Apple iPhone 16e 128GB with Apple Care,179990,,False,2026-02-20 10:21:08
GeniusMobile,GeniusMobile iPhone,Apple iPhone 17 256GB with Apple Care,289990,,False,2026-02-20 10:21:08
GeniusMobile,GeniusMobile iPhone,Apple iPhone 17 256GB with Gnext Warranty,340000,,False,2026-02-20 10:21:08
GeniusMobile,GeniusMobile iPhone,Apple iPhone 17 512GB with Gnext Warranty,360000,,False,2026-02-20 10:21:08
GeniusMobile,GeniusMobile iPhone,Apple iPhone 17 Air 256GB with Apple Care,325990,,False,2026-02-20 10:21:08
GeniusMobile,GeniusMobile iPhone,Apple iPhone 17 Pro 1TB with Gnext Warranty,820000,,False,2026-02-20 10:21:08
GeniusMobile,GeniusMobile iPhone,Apple iPhone 17 Pro 256GB with Apple Care,410000,,False,2026-02-20 10:21:08
GeniusMobile,GeniusMobile iPhone,Apple iPhone 17 Pro 256GB with Gnext Warranty,449900,,False,2026-02-20 10:21:08
GeniusMobile,GeniusMobile iPhone,Apple iPhone 17 Pro 512GB with Apple Care,485000,,False,2026-02-20 10:21:08
GeniusMobile,GeniusMobile iPhone,Apple iPhone 17 Pro 512GB with Gnext Warranty,720000,,False,2026-02-20 10:21:08
GeniusMobile,GeniusMobile iPhone,Apple iPhone 17 Pro Max 1TB with Apple Care,599990,,False,2026-02-20 10:21:08
GeniusMobile,GeniusMobile iPhone,Apple iPhone 17 Pro Max 1TB with Gnext Warranty,880000,,False,2026-02-20 10:21:08
GeniusMobile,GeniusMobile iPhone,Apple iPhone 17 Pro Max 256GB with Apple Care,459990,,False,2026-02-20 10:21:08
GeniusMobile,GeniusMobile iPhone,Apple iPhone 17 Pro Max 256GB with Gnext Warranty,590000,,False,2026-02-20 10:21:08
GeniusMobile,GeniusMobile iPhone,Apple iPhone 17 Pro Max 2TB Apple Care,700000,,False,2026-02-20 10:21:08
GeniusMobile,GeniusMobile iPhone,Apple iPhone 17 Pro Max 2TB with Gnext Warranty,900000,,False,2026-02-20 10:21:08
GeniusMobile,GeniusMobile iPhone,Apple iPhone 17 Pro Max 512GB with Apple Care,509990,,False,2026-02-20 10:21:08
GeniusMobile,GeniusMobile iPhone,Apple iPhone 17 Pro Max 512GB with Gnext Warranty,770000,,False,2026-02-20 10:21:08
GeniusMobile,GeniusMobile iPad,Apple iPad 2022 10.9 10th Gen WiFi 256GB,110000,,False,2026-02-20 10:21:08
GeniusMobile,GeniusMobile iPad,Apple iPad 2025 11″ 11th Gen WiFi + Cellular 128GB,160000,,False,2026-02-20 10:21:08
GeniusMobile,GeniusMobile iPad,Apple iPad 2025 11″ 11th Gen WiFi + Cellular 256GB,225000,,False,2026-02-20 10:21:08
GeniusMobile,GeniusMobile iPad,Apple iPad 2025 11″ 11th Gen WiFi 128GB,119990,,False,2026-02-20 10:21:08
GeniusMobile,GeniusMobile iPad,Apple iPad 2025 11″ 11th Gen WiFi 256GB,164990,,False,2026-02-20 10:21:08
GeniusMobile,GeniusMobile iPad,Apple iPad Air 2025 11″ M3 WiFi 128GB,220000,,False,2026-02-20 10:21:08
GeniusMobile,GeniusMobile iPad,Apple iPad Air 2025 11″ M3 WiFi 256GB,205000,,False,2026-02-20 10:21:08
GeniusMobile,GeniusMobile iPad,Apple iPad Air 2025 13″ M3 WiFi + Cellular 256GB,344000,,False,2026-02-20 10:21:08
GeniusMobile,GeniusMobile iPad,Apple iPad Air 6 2024 11″ M2 WiFi + Cellular 128GB,199990,,False,2026-02-20 10:21:08
GeniusMobile,GeniusMobile iPad,Apple iPad Air 6 2024 11″ M2 WiFi 128GB,175000,,False,2026-02-20 10:21:08
GeniusMobile,GeniusMobile iPad,Apple iPad Air 6 2024 11″ M2 WiFi 256GB,205000,,False,2026-02-20 10:21:08
GeniusMobile,GeniusMobile iPad,Apple iPad Air 6 2024 13″ M2 WiFi + Cellular 128GB,240000,,False,2026-02-20 10:21:08
GeniusMobile,GeniusMobile iPad,Apple iPad Air 6 2024 13″ M2 WiFi 128GB,145000,,False,2026-02-20 10:21:08
GeniusMobile,GeniusMobile iPad,Apple iPad Air 6 2024 13″ M2 WiFi 256GB,237000,,False,2026-02-20 10:21:08
GeniusMobile,GeniusMobile iPad,Apple iPad Air 7 2025 11″ M3 WiFi + Cellular 128GB,242000,,False,2026-02-20 10:21:08
GeniusMobile,GeniusMobile iPad,Apple iPad Air 7 2025 11″ M3 WiFi + Cellular 256GB,319990,,False,2026-02-20 10:21:08
GeniusMobile,GeniusMobile iPad,Apple iPad Pro 2024 M4 Chip 11-inch WiFi + Cellular 256GB,430000,,False,2026-02-20 10:21:08
GeniusMobile,GeniusMobile iPad,Apple iPad Pro 2024 M4 Chip 11-inch WiFi 256GB,345000,,False,2026-02-20 10:21:08
GeniusMobile,GeniusMobile iPad,Apple iPad Pro 2024 M4 Chip 13-inch WiFi + Cellular 256GB,385000,,False,2026-02-20 10:21:08
GeniusMobile,GeniusMobile iPad,Apple Pencil (2nd Generation),27990,,False,2026-02-20 10:21:08
LifeMobile,LifeMobile iPhone,Apple iPhone 11 64GB,122999,,False,2026-02-20 10:21:08
LifeMobile,LifeMobile iPhone,Lenovo A2800D Replacement Battery,2492,,False,2026-02-20 10:21:08
LifeMobile,LifeMobile iPhone,Samsung Galaxy A73 5G 8GB RAM 256GB,161000,,False,2026-02-20 10:21:08
LifeMobile,LifeMobile iPhone,"Apple MGNR3 Mac Mini with M1 Chip (Late 2020, Silver)",270375,,False,2026-02-20 10:21:08
LifeMobile,LifeMobile iPhone,JBL GO 2,9900,,False,2026-02-20 10:21:08
LifeMobile,LifeMobile iPhone,Apple AirPods 2 with Charging Case,31500,,False,2026-02-20 10:21:08
LifeMobile,LifeMobile iPhone,Apple 20W USB Type-C Power Adapter,7500,,False,2026-02-20 10:21:08
LifeMobile,LifeMobile iPhone,Apple iPhone 11 64GB,122999,,False,2026-02-20 10:21:08
LifeMobile,LifeMobile iPhone,Lenovo A2800D Replacement Battery,2492,,False,2026-02-20 10:21:08
LifeMobile,LifeMobile iPhone,Samsung Galaxy A73 5G 8GB RAM 256GB,161000,,False,2026-02-20 10:21:08
LifeMobile,LifeMobile iPhone,"Apple MGNR3 Mac Mini with M1 Chip (Late 2020, Silver)",270375,,False,2026-02-20 10:21:08
LifeMobile,LifeMobile iPhone,JBL GO 2,9900,,False,2026-02-20 10:21:08
LifeMobile,LifeMobile iPhone,Apple AirPods 2 with Charging Case,31500,,False,2026-02-20 10:21:08
LifeMobile,LifeMobile iPhone,Apple 20W USB Type-C Power Adapter,7500,,False,2026-02-20 10:21:08
LifeMobile,LifeMobile iPhone,Apple iPhone 11 64GB,122999,,False,2026-02-20 10:21:08
LifeMobile,LifeMobile iPhone,Lenovo A2800D Replacement Battery,2492,,False,2026-02-20 10:21:08
LifeMobile,LifeMobile iPhone,Samsung Galaxy A73 5G 8GB RAM 256GB,161000,,False,2026-02-20 10:21:08
LifeMobile,LifeMobile iPhone,"Apple MGNR3 Mac Mini with M1 Chip (Late 2020, Silver)",270375,,False,2026-02-20 10:21:08
LifeMobile,LifeMobile iPhone,JBL GO 2,9900,,False,2026-02-20 10:21:08
LifeMobile,LifeMobile iPhone,Apple AirPods 2 with Charging Case,31500,,False,2026-02-20 10:21:08
LifeMobile,LifeMobile iPhone,Apple 20W USB Type-C Power Adapter,7500,,False,2026-02-20 10:21:08
LifeMobile,LifeMobile Samsung,Apple iPhone 11 64GB,122999,,False,2026-02-20 10:21:08
LifeMobile,LifeMobile Samsung,Lenovo A2800D Replacement Battery,2492,,False,2026-02-20 10:21:08
LifeMobile,LifeMobile Samsung,Samsung Galaxy A73 5G 8GB RAM 256GB,161000,,False,2026-02-20 10:21:08
LifeMobile,LifeMobile Samsung,"Apple MGNR3 Mac Mini with M1 Chip (Late 2020, Silver)",270375,,False,2026-02-20 10:21:08
LifeMobile,LifeMobile Samsung,JBL GO 2,9900,,False,2026-02-20 10:21:08
LifeMobile,LifeMobile Samsung,Apple AirPods 2 with Charging Case,31500,,False,2026-02-20 10:21:08
LifeMobile,LifeMobile Samsung,Apple 20W USB Type-C Power Adapter,7500,,False,2026-02-20 10:21:08
LifeMobile,LifeMobile Samsung,Apple iPhone 11 64GB,122999,,False,2026-02-20 10:21:08
LifeMobile,LifeMobile Samsung,Lenovo A2800D Replacement Battery,2492,,False,2026-02-20 10:21:08
LifeMobile,LifeMobile Samsung,Samsung Galaxy A73 5G 8GB RAM 256GB,161000,,False,2026-02-20 10:21:08
LifeMobile,LifeMobile Samsung,"Apple MGNR3 Mac Mini with M1 Chip (Late 2020, Silver)",270375,,False,2026-02-20 10:21:08
LifeMobile,LifeMobile Samsung,JBL GO 2,9900,,False,2026-02-20 10:21:08
LifeMobile,LifeMobile Samsung,Apple AirPods 2 with Charging Case,31500,,False,2026-02-20 10:21:08
LifeMobile,LifeMobile Samsung,Apple 20W USB Type-C Power Adapter,7500,,False,2026-02-20 10:21:08
LifeMobile,LifeMobile Samsung,Apple iPhone 11 64GB,122999,,False,2026-02-20 10:21:08
LifeMobile,LifeMobile Samsung,Lenovo A2800D Replacement Battery,2492,,False,2026-02-20 10:21:08
LifeMobile,LifeMobile Samsung,Samsung Galaxy A73 5G 8GB RAM 256GB,161000,,False,2026-02-20 10:21:08
LifeMobile,LifeMobile Samsung,"Apple MGNR3 Mac Mini with M1 Chip (Late 2020, Silver)",270375,,False,2026-02-20 10:21:08
LifeMobile,LifeMobile Samsung,JBL GO 2,9900,,False,2026-02-20 10:21:08
LifeMobile,LifeMobile Samsung,Apple AirPods 2 with Charging Case,31500,,False,2026-02-20 10:21:08
LifeMobile,LifeMobile Samsung,Apple 20W USB Type-C Power Adapter,7500,,False,2026-02-20 10:21:08
LifeMobile,LifeMobile iPad,Apple iPad Pro 2025 11″ M5 WiFi 512GB,381000,,False,2026-02-20 10:21:08
LifeMobile,LifeMobile iPad,Apple iPad Pro 2025 11″ M5 WiFi + Cellular 256GB,360500,,False,2026-02-20 10:21:08
LifeMobile,LifeMobile iPad,Apple iPad Pro 2025 13″ M5 WiFi 256GB,379500,,False,2026-02-20 10:21:08
LifeMobile,LifeMobile iPad,Apple iPad Pro 2025 11″ M5 WiFi 256GB,311000,,False,2026-02-20 10:21:08
LifeMobile,LifeMobile iPad,Apple iPad 2025 11″ 11th Gen WiFi + Cellular 256GB,212000,,False,2026-02-20 10:21:08
LifeMobile,LifeMobile iPad,Apple iPad Air 7 2025 11″ M3 WiFi 256GB + Cellular,289500,,False,2026-02-20 10:21:08
LifeMobile,LifeMobile iPad,Apple iPad Air 7 2025 11″ M3 WiFi + Cellular 128GB,215500,,False,2026-02-20 10:21:08
LifeMobile,LifeMobile iPad,Apple iPad 2025 11″ 11th Gen WiFi + Cellular 128GB,147000,,False,2026-02-20 10:21:08
LifeMobile,LifeMobile iPad,Apple iPad Air 2025 11″ M3 WiFi 256GB,199990,,False,2026-02-20 10:21:08
LifeMobile,LifeMobile iPad,Apple iPad Mini 7 8.3″ 2024 WiFi 256GB,182500,,False,2026-02-20 10:21:08
LifeMobile,LifeMobile iPad,Apple iPad Air 2025 13″ M3 WiFi 256GB,259990,,False,2026-02-20 10:21:08
LifeMobile,LifeMobile iPad,Apple iPad Air 2025 13″ M3 WiFi 128GB,230000,,False,2026-02-20 10:21:08
LifeMobile,LifeMobile iPad,Apple iPad Air 2025 11″ M3 WiFi 128GB,171000,,False,2026-02-20 10:21:08
LifeMobile,LifeMobile iPad,Apple iPad 2025 11″ 11th Gen WiFi 256GB,149990,,False,2026-02-20 10:21:08
LifeMobile,LifeMobile iPad,Apple iPad 2025 11″ 11th Gen WiFi 128GB,114500,,False,2026-02-20 10:21:08
LifeMobile,LifeMobile iPad,Apple iPad Pro 2024 M4 Chip 13-inch WiFi 256GB,358000,,False,2026-02-20 10:21:08
LifeMobile,LifeMobile iPad,Apple iPad Mini 7 8.3″ 2024 WiFi 128GB,148990,,False,2026-02-20 10:21:08
LifeMobile,LifeMobile iPad,Apple iPad Pro 2024 M4 Chip 11-inch WiFi + Cellular 512GB,393499,,False,2026-02-20 10:21:08
LifeMobile,LifeMobile iPad,Apple iPad Air 13″ 2024 M2 5G 256GB,303500,,False,2026-02-20 10:21:08
LifeMobile,LifeMobile iPad,Apple iPad Pro 2024 M4 Chip 11-inch WiFi 512GB,343500,,False,2026-02-20 10:21:08
LifeMobile,LifeMobile iPad,Apple iPad Air 13″ 2024 M2 WiFi 256GB,245000,,False,2026-02-20 10:21:08
LifeMobile,LifeMobile iPad,Apple iPad Air 13″ 2024 M2 5G 128GB,250500,,False,2026-02-20 10:21:08
LifeMobile,LifeMobile iPad,Apple iPad Pro 2024 M4 Chip 13-inch WiFi + Cellular 512GB,416990,,False,2026-02-20 10:21:08
LifeMobile,LifeMobile iPad,Apple iPad Pro 2024 M4 Chip 13-inch WiFi + Cellular 256GB,374990,,False,2026-02-20 10:21:08
LifeMobile,LifeMobile iPad,Apple iPad Pro 2024 M4 Chip 11-inch WiFi + Cellular 256GB,349990,,False,2026-02-20 10:21:08
LifeMobile,LifeMobile iPad,Apple iPad Air 6 2024 11″ M2 WiFi + Cellular 256GB,277000,,False,2026-02-20 10:21:08
LifeMobile,LifeMobile iPad,Apple iPad Air 6 2024 11″ M2 WiFi + Cellular 128GB,242000,,False,2026-02-20 10:21:08
LifeMobile,LifeMobile iPad,Apple iPad 2022 10.9 10th Gen WiFi + Cellular 256GB,212000,,False,2026-02-20 10:21:08
LifeMobile,LifeMobile iPad,Apple iPad Pro 2024 M4 Chip 11-inch WiFi 256GB,278000,,False,2026-02-20 10:21:08
LifeMobile,LifeMobile iPad,Apple iPad Air 6 2024 11″ M2 WiFi 128GB,177500,,False,2026-02-20 10:21:08
LifeMobile,LifeMobile iPad,Apple iPad Air 6 2024 13″ M2 WiFi 128GB,199990,,False,2026-02-20 10:21:08
LifeMobile,LifeMobile iPad,Apple iPad Air 6 2024 11″ M2 WiFi 256GB,210000,,False,2026-02-20 10:21:08
LifeMobile,LifeMobile iPad,Apple iPad Pro 2022 M2 Chip 11-inch 4th Gen WiFi 1TB,509999,,False,2026-02-20 10:21:08
LifeMobile,LifeMobile iPad,Apple iPad Pro 2022 M2 Chip 12.9-inch 6th Gen WiFi 256GB,390000,,False,2026-02-20 10:21:08
LifeMobile,LifeMobile iPad,Apple iPad 2022 10.9 10th Gen WiFi + Cellular 64GB,149000,,False,2026-02-20 10:21:08
LifeMobile,LifeMobile iPad,Apple iPad Pro 2022 M2 Chip 12.9-inch 6th Gen WiFi + Cellular 2TB,679776,,False,2026-02-20 10:21:08
LifeMobile,LifeMobile iPad,Apple iPad Pro 2022 M2 Chip 12.9-inch 6th Gen WiFi + Cellular 1TB,565646,,False,2026-02-20 10:21:08
LifeMobile,LifeMobile iPad,Apple iPad Pro 2022 M2 Chip 12.9-inch 6th Gen WiFi + Cellular 128GB,359990,,False,2026-02-20 10:21:08
LifeMobile,LifeMobile iPad,Apple iPad Pro 2022 M2 Chip 12.9-inch 6th Gen WiFi 128GB,349500,,False,2026-02-20 10:21:08
LifeMobile,LifeMobile iPad,Apple iPad Pro 2022 M2 Chip 12.9-inch 6th Gen WiFi + Cellular 256GB,389000,,False,2026-02-20 10:21:08
LifeMobile,LifeMobile iPad,Apple iPad 2022 10.9 10th Gen WiFi 256GB,130500,,False,2026-02-20 10:21:08
LifeMobile,LifeMobile iPad,Apple iPad 2022 10.9 10th Gen WiFi 64GB,104990,,False,2026-02-20 10:21:08
LifeMobile,LifeMobile iPad,Apple iPad Pro 2022 M2 Chip 11-inch 4th Gen WiFi + Cellular 128GB,286990,,False,2026-02-20 10:21:08
LifeMobile,LifeMobile iPad,Apple iPad Pro 2022 M2 Chip 12.9-inch WiFi + Cellular 512GB,709000,,False,2026-02-20 10:21:08
LifeMobile,LifeMobile iPad,Apple iPad Pro 2022 M2 Chip 12.9-inch WiFi + Cellular 128GB,349990,,False,2026-02-20 10:21:08
LifeMobile,LifeMobile iPad,Apple iPad Pro 2022 M2 Chip 12.9-inch WiFi 1TB,805920,,False,2026-02-20 10:21:08
LifeMobile,LifeMobile iPad,Apple iPad Pro 2022 M2 Chip 11-inch 4th Gen WiFi + Cellular 1TB,745851,,False,2026-02-20 10:21:08
LifeMobile,LifeMobile iPad,Apple iPad Pro 2022 M2 Chip 11-inch 4th Gen WiFi + Cellular 512GB,553632,,False,2026-02-20 10:21:08
LifeMobile,LifeMobile iPad,Apple iPad Pro 2022 M2 Chip 11-inch 4th Gen WiFi + Cellular 256GB,367000,,False,2026-02-20 10:21:08
LifeMobile,LifeMobile iPad,Apple iPad Pro 2022 M2 Chip 11-inch 4th Gen WiFi 512GB,468000,,False,2026-02-20 10:21:08
LifeMobile,LifeMobile iPad,Apple iPad Pro 2022 M2 Chip 11-inch 4th Gen WiFi 256GB,289999,,False,2026-02-20 10:21:08
LifeMobile,LifeMobile iPad,Apple iPad Pro 2022 M2 Chip 11-inch 4th Gen WiFi 128GB,269000,,False,2026-02-20 10:21:08
LifeMobile,LifeMobile iPad,Apple iPad 10.2-inch 2021 9th Gen WiFi + Cellular 256GB,260287,,False,2026-02-20 10:21:08
LifeMobile,LifeMobile iPad,Apple iPad Air 5 2022 10.9 5th Gen 5G 64GB,159990,,False,2026-02-20 10:21:08
LifeMobile,LifeMobile iPad,Apple iPad Air 5 2022 10.9 5th Gen 5G 256GB,315000,,False,2026-02-20 10:21:08
LifeMobile,LifeMobile iPad,Apple iPad Air 5 2022 10.9 5th Gen WiFi 64GB,193500,,False,2026-02-20 10:21:08
LifeMobile,LifeMobile iPad,Apple iPad 10.2-inch 2021 9th Gen WiFi + Cellular 64GB,112000,,False,2026-02-20 10:21:08
LifeMobile,LifeMobile iPad,Apple iPad Mini 2021 6th Gen WiFi + Cellular,253000,,False,2026-02-20 10:21:08
LifeMobile,LifeMobile iPad,Apple iPad Pro 2021 M1 Chip 12.9-inch 5th Gen WiFi + Cellular 1TB,490000,,False,2026-02-20 10:21:08
LifeMobile,LifeMobile iPad,Apple iPad Mini 2021 6th Gen WiFi,116900,,False,2026-02-20 10:21:08
LifeMobile,LifeMobile iPad,Apple iPad 10.2-inch 2021 9th Gen WiFi 256GB,129000,,False,2026-02-20 10:21:08
LifeMobile,LifeMobile iPad,Apple iPad 10.2-inch 2021 9th Gen WiFi 64GB,94500,,False,2026-02-20 10:21:08
LifeMobile,LifeMobile iPad,Apple iPad Pro 2021 M1 Chip 11-inch 3rd Gen WiFi 512GB,285225,,False,2026-02-20 10:21:08
LifeMobile,LifeMobile iPad,Apple iPad Pro 2021 M1 Chip 11-inch 3rd Gen WiFi 1TB,380003,,False,2026-02-20 10:21:08
LifeMobile,LifeMobile iPad,Apple iPad Pro 2021 M1 Chip 12.9-inch 5th Gen WiFi 128GB,349500,,False,2026-02-20 10:21:08
LifeMobile,LifeMobile iPad,Apple iPad Pro 2021 M1 Chip 12.9-inch 5th Gen WiFi 256GB,405500,,False,2026-02-20 10:21:08
LifeMobile,LifeMobile iPad,Apple iPad Pro 2021 M1 Chip 12.9-inch 5th Gen WiFi 512GB,405247,,False,2026-02-20 10:21:08
LifeMobile,LifeMobile iPad,Apple iPad Pro 2021 M1 Chip 12.9-inch 5th Gen WiFi + Cellular 256GB,484999,,False,2026-02-20 10:21:08
LifeMobile,LifeMobile iPad,Apple iPad Pro 2021 M1 Chip 11-inch 3rd Gen WiFi 128GB,326000,,False,2026-02-20 10:21:08
LifeMobile,LifeMobile iPad,Apple iPad Pro 2021 M1 Chip 11-inch 3rd Gen WiFi + Cellular 512GB,373896,,False,2026-02-20 10:21:08
LifeMobile,LifeMobile iPad,Apple iPad Pro 2021 M1 Chip 11-inch 3rd Gen WiFi + Cellular 256GB,423000,,False,2026-02-20 10:21:08
LifeMobile,LifeMobile iPad,Apple iPad Pro 2021 M1 Chip 11-inch 3rd Gen WiFi + Cellular 128GB,390000,,False,2026-02-20 10:21:08
LifeMobile,LifeMobile iPad,Apple iPad Pro 2021 M1 Chip 11-inch 3rd Gen WiFi 256GB,382500,,False,2026-02-20 10:21:08
LifeMobile,LifeMobile iPad,Apple iPad Pro 2021 M1 Chip 12.9-inch 5th Gen WiFi + Cellular 128GB,439499,,False,2026-02-20 10:21:08
LifeMobile,LifeMobile iPad,Apple iPad Air 4 2020 10.9 4th Gen WiFi + Cellular,260000,,False,2026-02-20 10:21:08
LifeMobile,LifeMobile iPad,Apple iPad Air 4 2020 10.9-inch 4th Gen WiFi,216000,,False,2026-02-20 10:21:08
LifeMobile,LifeMobile iPad,Apple iPad 2020 10.2-inch 8th Gen WiFi + Cellular,115000,,False,2026-02-20 10:21:08
LifeMobile,LifeMobile iPad,Apple iPad 2020 10.2-inch 8th Gen WiFi,133499,,False,2026-02-20 10:21:08
LifeMobile,LifeMobile iPad,Apple iPad Mini 2019 5th Gen WiFi,112198,,False,2026-02-20 10:21:08
LifeMobile,LifeMobile iPad,Apple iPad Pro 2020 11-inch 2nd Gen WiFi,286562,,False,2026-02-20 10:21:08
LifeMobile,LifeMobile iPad,Apple iPad Pro 2017 10.5-inch WiFi,142055,,False,2026-02-20 10:21:08
LifeMobile,LifeMobile iPad,Apple iPad Air 2019 3rd Gen WiFi,143152,,False,2026-02-20 10:21:08
LifeMobile,LifeMobile iPad,Apple iPad Pro 2020 12.9-inch 4th Gen WiFi,228576,,False,2026-02-20 10:21:08
LifeMobile,LifeMobile iPad,Apple iPad 9.7-inch 6th Gen WiFi + Cellular,97626,,False,2026-02-20 10:21:08
LifeMobile,LifeMobile iPad,Apple iPad Air 2019 3rd Gen WiFi + Cellular,135117,,False,2026-02-20 10:21:08
LifeMobile,LifeMobile iPad,Apple iPad 2019 10.2-inch 7th Gen WiFi + Cellular,96232,,False,2026-02-20 10:21:08
LifeMobile,LifeMobile iPad,Apple iPad Pro 2020 12.9-inch 4th Gen WiFi + Cellular,258795,,False,2026-02-20 10:21:08
LifeMobile,LifeMobile iPad,Apple iPad Pro 2020 11-inch 2nd Gen WiFi + Cellular,185000,,False,2026-02-20 10:21:08
LifeMobile,LifeMobile iPad,Apple iPad Pro 2018 12.9-inch WiFi + Cellular,203420,,False,2026-02-20 10:21:08
LifeMobile,LifeMobile iPad,Apple iPad Mini 2019 5th Gen WiFi + Cellular,137666,,False,2026-02-20 10:21:08
LifeMobile,LifeMobile iPad,Apple iPad 2019 10.2-inch 7th Gen WiFi,76790,,False,2026-02-20 10:21:08
LifeMobile,LifeMobile iPad,Apple iPad Pro 2018 12.9-inch WiFi,215542,,False,2026-02-20 10:21:08
LifeMobile,LifeMobile iPad,Apple iPad Pro 2018 11-inch WiFi + Cellular,206225,,False,2026-02-20 10:21:08
LifeMobile,LifeMobile iPad,Apple iPad Pro 2018 11-inch WiFi,164535,,False,2026-02-20 10:21:08
LifeMobile,LifeMobile iPad,Apple iPad 9.7-inch 6th Gen 128GB,99715,,False,2026-02-20 10:21:08
LifeMobile,LifeMobile iPad,Apple iPad 9.7-inch 6th Gen 32GB,79283,,False,2026-02-20 10:21:08
LifeMobile,LifeMobile iPad,Apple iPad Air 2 32GB,79765,,False,2026-02-20 10:21:08
LifeMobile,LifeMobile iPad,Apple iPad Air 2 128GB,95733,,False,2026-02-20 10:21:08
LifeMobile,LifeMobile iPad,Apple iPad Pro 9.7 256GB,115675,,False,2026-02-20 10:21:08
LifeMobile,LifeMobile iPad,Apple iPad Pro 10.5-inch WiFi + Cellular,160055,,False,2026-02-20 10:21:08
LifeMobile,LifeMobile iPad,Apple iPad (2017),62825,,False,2026-02-20 10:21:08
LifeMobile,LifeMobile AirPods,Apple AirPods Pro 3,74990,,False,2026-02-20 10:21:08
LifeMobile,LifeMobile AirPods,Apple AirPods Max 2024,154500,,False,2026-02-20 10:21:08
LifeMobile,LifeMobile AirPods,Apple AirPods 4 With Active Noise Cancellation,47500,,False,2026-02-20 10:21:08
LifeMobile,LifeMobile AirPods,Apple AirPods 4,36500,,False,2026-02-20 10:21:08
LifeMobile,LifeMobile AirPods,Apple AirPods Pro 2nd gen with MagSafe Charging Case (USB‑C) 2024,54500,,False,2026-02-20 10:21:08
LifeMobile,LifeMobile AirPods,Apple AirPods 2 with Charging Case,31500,,False,2026-02-20 10:21:08
LifeMobile,LifeMobile AirPods,Apple iPhone 11 64GB,122999,,False,2026-02-20 10:21:08
LifeMobile,LifeMobile AirPods,Lenovo A2800D Replacement Battery,2492,,False,2026-02-20 10:21:08
LifeMobile,LifeMobile AirPods,Samsung Galaxy A73 5G 8GB RAM 256GB,161000,,False,2026-02-20 10:21:08
LifeMobile,LifeMobile AirPods,"Apple MGNR3 Mac Mini with M1 Chip (Late 2020, Silver)",270375,,False,2026-02-20 10:21:08
LifeMobile,LifeMobile AirPods,JBL GO 2,9900,,False,2026-02-20 10:21:08
LifeMobile,LifeMobile AirPods,Apple AirPods 2 with Charging Case,31500,,False,2026-02-20 10:21:08
LifeMobile,LifeMobile AirPods,Apple 20W USB Type-C Power Adapter,7500,,False,2026-02-20 10:21:08
LifeMobile,LifeMobile AirPods,Apple iPhone 11 64GB,122999,,False,2026-02-20 10:21:08
LifeMobile,LifeMobile AirPods,Lenovo A2800D Replacement Battery,2492,,False,2026-02-20 10:21:08
LifeMobile,LifeMobile AirPods,Samsung Galaxy A73 5G 8GB RAM 256GB,161000,,False,2026-02-20 10:21:08
LifeMobile,LifeMobile AirPods,"Apple MGNR3 Mac Mini with M1 Chip (Late 2020, Silver)",270375,,False,2026-02-20 10:21:08
LifeMobile,LifeMobile AirPods,JBL GO 2,9900,,False,2026-02-20 10:21:08
LifeMobile,LifeMobile AirPods,Apple AirPods 2 with Charging Case,31500,,False,2026-02-20 10:21:08
LifeMobile,LifeMobile AirPods,Apple 20W USB Type-C Power Adapter,7500,,False,2026-02-20 10:21:08
LifeMobile,LifeMobile Watch,Apple Watch Ultra 3 49MM Natural Titanium GPS + Cellular – Bright Blue Trail Loop Band,239900,,False,2026-02-20 10:21:08
LifeMobile,LifeMobile Watch,Apple Watch Ultra 3 49MM Natural Titanium Light Blue GPS + Cellular – Light Blue Alpine Loop Band,242000,,False,2026-02-20 10:21:08
LifeMobile,LifeMobile Watch,Apple Watch Series 11 46MM Rose Gold Aluminum GPS – Light Blush Sport Band,123990,,False,2026-02-20 10:21:08
LifeMobile,LifeMobile Watch,Apple Watch SE 3 40MM Midnight Aluminum GPS – Midnight Sport Band,87000,,False,2026-02-20 10:21:08
LifeMobile,LifeMobile Watch,Apple Watch Series 11 42MM Silver Aluminum GPS – Purple Fog Sport Band,115990,,False,2026-02-20 10:21:08
LifeMobile,LifeMobile Watch,Apple Watch SE 2nd Gen 40MM Silver Aluminum GPS – Denim Blue Sport Band,65500,,False,2026-02-20 10:21:08
LifeMobile,LifeMobile Watch,Apple Watch Series 11 46MM Rose Gold Aluminum GPS – Black Sport Band,128990,,False,2026-02-20 10:21:08
LifeMobile,LifeMobile Watch,Apple Watch Series 11 42MM Silver Aluminum GPS – Starlight Sport Band,125990,,False,2026-02-20 10:21:08
LifeMobile,LifeMobile Watch,Apple Watch Series 11 42MM Space Gray Aluminum GPS – Black Solo Loop Band,119990,,False,2026-02-20 10:21:08
LifeMobile,LifeMobile Watch,Apple Watch Ultra 3 49MM Titanium Black GPS + Cellular – Black/Charcoal Trail Loop Band,239990,,False,2026-02-20 10:21:08
LifeMobile,LifeMobile Watch,Apple Watch Ultra 3 49MM Titanium Natural GPS + Cellular – Anchor Blue Ocean Band,239990,,False,2026-02-20 10:21:08
LifeMobile,LifeMobile Watch,Apple Watch Ultra 3 49MM Titanium Black GPS + Cellular – Black Ocean Band,239990,,False,2026-02-20 10:21:08
LifeMobile,LifeMobile Watch,Apple Watch Ultra 3 49MM Titanium Black GPS + Cellular – Black Alpine Loop Band,242000,,False,2026-02-20 10:21:08
LifeMobile,LifeMobile Watch,Apple Watch Series 11 42MM Rose Gold Aluminum GPS – Light Blush Sport Band,116000,,False,2026-02-20 10:21:08
LifeMobile,LifeMobile Watch,Apple Watch Series 11 42MM Jet Black Aluminum GPS – Black Sport Band,115990,,False,2026-02-20 10:21:08
LifeMobile,LifeMobile Watch,Apple Watch Series 11 46MM Jet Black Aluminum GPS – Black Sport Band,121500,,False,2026-02-20 10:21:08
LifeMobile,LifeMobile Watch,Apple Watch SE 3 40MM Starlight Aluminum GPS – Starlight Sport Band,84000,,False,2026-02-20 10:21:08
LifeMobile,LifeMobile Watch,Apple Watch SE 3 44MM Midnight Aluminum GPS – Midnight Sport Band,91990,,False,2026-02-20 10:21:08
LifeMobile,LifeMobile Watch,Apple Watch Series 11 46MM Space Gray Aluminum GPS – Black Sport Band,121500,,False,2026-02-20 10:21:08
LifeMobile,LifeMobile Watch,Apple Watch Series 11 42MM Space Gray Aluminum GPS – Black Sport Band,115990,,False,2026-02-20 10:21:08
LifeMobile,LifeMobile Watch,Apple Watch Series 11 46MM Space Gray Aluminum GPS – Anchor Blue Sport Band,128990,,False,2026-02-20 10:21:08
LifeMobile,LifeMobile Watch,Apple Watch Series 10 42MM Rose Gold Aluminum GPS – Plum Sport Loop Band,108000,,False,2026-02-20 10:21:08
LifeMobile,LifeMobile Watch,Apple Watch Ultra 2 49MM Titanium Black GPS + Cellular – Black Trail Loop Band,185000,,False,2026-02-20 10:21:08
LifeMobile,LifeMobile Watch,Apple Watch SE 2nd Gen 44MM Starlight Aluminum GPS – Green Sport Loop Band,75990,,False,2026-02-20 10:21:08
LifeMobile,LifeMobile Watch,Apple Watch Ultra 2 49MM Natural Titanium GPS + Cellular – Tan Alpine Loop Band,229000,,False,2026-02-20 10:21:08
LifeMobile,LifeMobile Watch,Apple Watch Series 10 42MM Jet Black Aluminum GPS – Ink Sport Loop Band,105900,,False,2026-02-20 10:21:08
LifeMobile,LifeMobile Watch,Apple Watch Ultra 2 49MM Black Titanium GPS + Cellular – Titanium Black Milanese Loop Band,257990,,False,2026-02-20 10:21:08
LifeMobile,LifeMobile Watch,Apple Watch Ultra 2 49MM Natural GPS + Cellular – Blue Trail Loop Band,236500,,False,2026-02-20 10:21:08
LifeMobile,LifeMobile Watch,Apple Watch Ultra 2 49MM Black GPS + Cellular – Dark Green Alpine Loop Band,216000,,False,2026-02-20 10:21:08
LifeMobile,LifeMobile Watch,Apple Watch Ultra 2 49MM Black GPS + Cellular – Navy Ocean Band,242500,,False,2026-02-20 10:21:08
LifeMobile,LifeMobile Watch,Apple Watch Ultra 2 49MM Natural GPS + Cellular – Navy Ocean Band,237000,,False,2026-02-20 10:21:08
LifeMobile,LifeMobile Watch,Apple Watch Ultra 2 49MM Titanium Black GPS + Cellular – Black Ocean Band,223990,,False,2026-02-20 10:21:08
LifeMobile,LifeMobile Watch,Apple Watch Series 10 42MM Rose Gold Aluminum GPS – Light Blush Sport Band,105500,,False,2026-02-20 10:21:08
LifeMobile,LifeMobile Watch,Apple Watch Series 10 46MM Jet Black Aluminum GPS – Black Sport Band,115990,,False,2026-02-20 10:21:08
LifeMobile,LifeMobile Watch,Apple Watch Series 10 42MM Jet Black Aluminum GPS – Black Sport Band,105900,,False,2026-02-20 10:21:08
LifeMobile,LifeMobile Watch,Apple Watch Series 10 42MM Silver Aluminum GPS – Denim Sport Band,105500,,False,2026-02-20 10:21:08
LifeMobile,LifeMobile Watch,Apple Watch Series 10 46MM Silver Aluminum GPS – Denim Sport Band,114900,,False,2026-02-20 10:21:08
LifeMobile,LifeMobile Watch,Apple Watch Series 9 45MM Midnight Aluminum GPS – Midnight Sport Band,99990,,False,2026-02-20 10:21:08
LifeMobile,LifeMobile Watch,Apple Watch Series 9 41MM Midnight Aluminum GPS – Midnight Sport Band,99500,,False,2026-02-20 10:21:08
LifeMobile,LifeMobile Watch,Apple Watch Ultra 2 49MM Titanium GPS + Cellular – Orange Ocean Band,299989,,False,2026-02-20 10:21:08
LifeMobile,LifeMobile Watch,Apple Watch Ultra 2 49MM Titanium GPS + Cellular – White Ocean Band,278900,,False,2026-02-20 10:21:08
LifeMobile,LifeMobile Watch,Apple Watch Ultra 2 49MM Titanium GPS + Cellular – Blue Ocean Band,237000,,False,2026-02-20 10:21:08
LifeMobile,LifeMobile Watch,Apple Watch Ultra 2 49MM Titanium GPS + Cellular – Orange/Beige Trail Loop Band,299989,,False,2026-02-20 10:21:08
LifeMobile,LifeMobile Watch,Apple Watch Ultra 2 49MM Titanium GPS + Cellular – Blue/Black Trail Loop Band,229000,,False,2026-02-20 10:21:08
LifeMobile,LifeMobile Watch,Apple Watch Ultra 2 49MM Titanium GPS + Cellular – Green/Gray Trail Loop Band,283500,,False,2026-02-20 10:21:08
LifeMobile,LifeMobile Watch,Apple Watch Ultra 2 49MM Titanium GPS + Cellular – Olive Alpine Loop Band,229000,,False,2026-02-20 10:21:08
LifeMobile,LifeMobile Watch,Apple Watch Ultra 2 49MM Titanium GPS + Cellular – Indigo Alpine Loop Band,247500,,False,2026-02-20 10:21:08
LifeMobile,LifeMobile Watch,Apple Watch Ultra 2 49MM Titanium GPS + Cellular – Blue Alpine Loop Band,229000,,False,2026-02-20 10:21:08
LifeMobile,LifeMobile Watch,Apple Watch Series 8 41MM Starlight Aluminum GPS – Summit White/Black Nike Sport Band,137500,,False,2026-02-20 10:21:08
LifeMobile,LifeMobile Watch,Apple Watch Series 8 41MM Silver Aluminum GPS – White Sport Band,124000,,False,2026-02-20 10:21:08
LifeMobile,LifeMobile Watch,Apple Watch Series 8 45MM Starlight Aluminum GPS – Starlight Sport Band,119990,,False,2026-02-20 10:21:08
LifeMobile,LifeMobile Watch,Apple Watch Series 8 41MM Starlight Aluminum GPS – Starlight Sport Band,117500,,False,2026-02-20 10:21:08
LifeMobile,LifeMobile Watch,Apple Watch Series 8 45MM Silver Aluminum GPS – White Sport Band,75500,,False,2026-02-20 10:21:08
LifeMobile,LifeMobile Watch,Apple Watch SE 2nd Gen 40MM Starlight Aluminum GPS – Starlight Sport Band,66500,,False,2026-02-20 10:21:08
LifeMobile,LifeMobile Watch,Apple Watch SE 2nd Gen 44MM Midnight Aluminum GPS – Midnight Sport Band,72500,,False,2026-02-20 10:21:08
LifeMobile,LifeMobile Watch,Apple Watch SE 2nd Gen 40MM Midnight Aluminum GPS – Midnight Sport Band,62000,,False,2026-02-20 10:21:08
LifeMobile,LifeMobile Watch,Apple Watch Series 8 45MM Aluminum GPS – Midnight Sport Band,99990,,False,2026-02-20 10:21:08
LifeMobile,LifeMobile Watch,Apple Watch Series 8 41MM Midnight Aluminum GPS – Midnight Sport Band,105000,,False,2026-02-20 10:21:08
LifeMobile,LifeMobile Watch,Apple Watch Ultra 49MM Titanium GPS + Cellular – Yellow Ocean Band,358000,,False,2026-02-20 10:21:08
LifeMobile,LifeMobile Watch,Apple Watch Ultra 49MM Titanium GPS + Cellular – White Ocean Band,358000,,False,2026-02-20 10:21:08
LifeMobile,LifeMobile Watch,Apple Watch Ultra 49MM Titanium GPS + Cellular – Midnight Ocean Band,199990,,False,2026-02-20 10:21:08
LifeMobile,LifeMobile Watch,Apple Watch Ultra 49MM Titanium GPS + Cellular – Black/Gray Trail Loop Band,277000,,False,2026-02-20 10:21:08
LifeMobile,LifeMobile Watch,Apple Watch Ultra 49MM Titanium GPS + Cellular – Blue/Gray Trail Loop Band,277000,,False,2026-02-20 10:21:08
LifeMobile,LifeMobile Watch,Apple Watch Ultra 49MM Titanium GPS + Cellular – Starlight Alpine Loop Band,358000,,False,2026-02-20 10:21:08
LifeMobile,LifeMobile Watch,Apple Watch Ultra 49MM Titanium GPS + Cellular – Orange Alpine Loop Band,269000,,False,2026-02-20 10:21:08
LifeMobile,LifeMobile Watch,Apple Watch Ultra 49MM Titanium GPS + Cellular – Green Alpine Loop Band,269000,,False,2026-02-20 10:21:08
LifeMobile,LifeMobile Watch,Apple Watch Series 7 45MM Blue Aluminum GPS + Cellular – Abyss Blue Sport Band,133500,,False,2026-02-20 10:21:08
LifeMobile,LifeMobile Watch,Apple Watch Series 7 45MM Midnight Aluminum GPS + Cellular – Midnight Sport Band,127500,,False,2026-02-20 10:21:08
LifeMobile,LifeMobile Watch,Apple Watch Series 7 45MM Red Aluminum GPS – Red Sport Band,159989,,False,2026-02-20 10:21:08
LifeMobile,LifeMobile Watch,Apple Watch Series 7 Nike 41MM Starlight Aluminum GPS – Pure Platinum/Black Nike Sport Band,150071,,False,2026-02-20 10:21:08
LifeMobile,LifeMobile Watch,Apple Watch Series 7 45MM Midnight Aluminum GPS – Starlight Sport Band,161000,,False,2026-02-20 10:21:08
LifeMobile,LifeMobile Watch,Apple Watch Series 7 41MM Midnight Aluminum GPS – Starlight Sport Band,147000,,False,2026-02-20 10:21:08
LifeMobile,LifeMobile Watch,Apple Watch Series 7 Nike 41MM Midnight Aluminum GPS – Pure Platinum/Black Nike Sport Band,157000,,False,2026-02-20 10:21:08
LifeMobile,LifeMobile Watch,Apple Watch Series 7 41MM Red Aluminum GPS – Red Sport Band,147000,,False,2026-02-20 10:21:08
LifeMobile,LifeMobile Watch,Apple Watch Series 7 45MM Blue Aluminum GPS – Abyss Blue Sport Band,127500,,False,2026-02-20 10:21:08
LifeMobile,LifeMobile Watch,Apple Watch Series 7 Nike 41MM Midnight Aluminum GPS – Midnight Sport Band,101000,,False,2026-02-20 10:21:08
LifeMobile,LifeMobile Watch,Apple Watch Series 7 45MM Starlight Aluminum GPS – Starlight Sport Band,135000,,False,2026-02-20 10:21:08
LifeMobile,LifeMobile Watch,Apple Watch Series 7 Nike 45MM Starlight Aluminum GPS – Starlight Sport Band,108000,,False,2026-02-20 10:21:08
LifeMobile,LifeMobile Watch,Apple Watch Series 7 Nike 45MM Midnight Aluminum GPS – Midnight Sport Band,129990,,False,2026-02-20 10:21:08
LifeMobile,LifeMobile Watch,Apple Watch Series 7 45MM Green Aluminum GPS – Clover Sport Band,153675,,False,2026-02-20 10:21:08
LifeMobile,LifeMobile Watch,Apple Watch Series 7 45MM Midnight Aluminum GPS – Midnight Sport Band,117500,,False,2026-02-20 10:21:08
LifeMobile,LifeMobile Watch,Apple Watch Series 7 41MM Blue Aluminum GPS – Abyss Blue Sport Band,144500,,False,2026-02-20 10:21:08
LifeMobile,LifeMobile Watch,Apple Watch Series 7 41MM Green Aluminum GPS – Clover Sport Band,101990,,False,2026-02-20 10:21:08
LifeMobile,LifeMobile Watch,Apple Watch Series 7 41MM Starlight Aluminum GPS – Starlight Sport Band,152990,,False,2026-02-20 10:21:08
LifeMobile,LifeMobile Watch,Apple Watch Series 7 41MM Midnight Aluminum GPS – Midnight Sport Band,101990,,False,2026-02-20 10:21:08
LifeMobile,LifeMobile Watch,Apple Watch SE 40MM Silver Aluminum GPS + Cellular – Deep Navy Sport Loop,94157,,False,2026-02-20 10:21:08
LifeMobile,LifeMobile Watch,Apple Watch SE 40MM Silver Aluminum GPS + Cellular – White Sport Band,82093,,False,2026-02-20 10:21:08
LifeMobile,LifeMobile Watch,Apple Watch SE 40MM Space Gray Aluminum GPS + Cellular – Black Sport Band,93055,,False,2026-02-20 10:21:08
LifeMobile,LifeMobile Watch,Apple Watch SE Nike 40MM Space Gray Aluminum GPS + Cellular – Anthracite/Black Nike Sport Band,131999,,False,2026-02-20 10:21:08
LifeMobile,LifeMobile Watch,Apple Watch Series 6 40MM Gold Stainless Steel GPS + Cellular – Cyprus Green Sport Band,157679,,False,2026-02-20 10:21:08
LifeMobile,LifeMobile Watch,Apple Watch Series 6 40MM Graphite Stainless Steel GPS + Cellular – Black Sport Band,172346,,False,2026-02-20 10:21:08
LifeMobile,LifeMobile Watch,Apple Watch Series 6 40MM Gold Stainless Steel GPS + Cellular – Gold Milanese Loop,201530,,False,2026-02-20 10:21:08
LifeMobile,LifeMobile Watch,Apple Watch Series 6 Nike 40MM Space Gray Aluminum GPS + Cellular – Anthracite/Black Nike Sport Band,123340,,False,2026-02-20 10:21:08
LifeMobile,LifeMobile Watch,Apple Watch Series 6 40MM Blue Aluminum GPS + Cellular – Deep Navy Sport Band,121688,,False,2026-02-20 10:21:08
LifeMobile,LifeMobile Watch,Apple Watch Series 6 Nike 44MM Space Gray Aluminum GPS + Cellular – Anthracite/Black Nike Sport Band,139308,,False,2026-02-20 10:21:08
LifeMobile,LifeMobile Watch,Apple Watch Series 6 44MM Space Gray Aluminum GPS + Cellular – Black Sport Band,137106,,False,2026-02-20 10:21:08
LifeMobile,LifeMobile Watch,Apple Watch Series 6 44MM Blue Aluminum GPS + Cellular – Deep Navy Sport Band,138207,,False,2026-02-20 10:21:08
LifeMobile,LifeMobile Watch,Apple Watch Series 6 44MM Space Gray Aluminum GPS – Black Unity Sport Band,106270,,False,2026-02-20 10:21:08
LifeMobile,LifeMobile Watch,Apple Watch SE Nike 40MM Space Gray Aluminum GPS – Anthracite/Black Nike Sport Band,105999,,False,2026-02-20 10:21:08
LifeMobile,LifeMobile Watch,Apple Watch Series 6 40MM Space Gray Aluminum GPS – Black Unity Sport Band,97722,,False,2026-02-20 10:21:08
LifeMobile,LifeMobile Watch,Apple Watch SE Nike 40MM Silver Aluminum GPS – Pure Platinum/Black Nike Sport Band,105990,,False,2026-02-20 10:21:08
LifeMobile,LifeMobile Watch,Apple Watch SE Nike 44MM Silver Aluminum GPS – Pure Platinum/Black Nike Sport Band,135999,,False,2026-02-20 10:21:08
LifeMobile,LifeMobile Watch,Apple Watch Series 6 44MM Graphite Stainless Steel GPS + Cellular – Black Sport Band,205128,,False,2026-02-20 10:21:08
LifeMobile,LifeMobile Watch,Apple Watch Series 6 44MM Gold Stainless Steel GPS + Cellular – Cyprus Green Sport Band,175700,,False,2026-02-20 10:21:08
LifeMobile,LifeMobile Watch,Apple Watch SE 44MM Silver Aluminum GPS + Cellular – Deep Navy Sport Loop,136000,,False,2026-02-20 10:21:08
LifeMobile,LifeMobile Watch,Apple Watch Series 6 Nike 40MM Silver Aluminum GPS – Pure Platinum/Black Nike Sport Band,109990,,False,2026-02-20 10:21:08
LifeMobile,LifeMobile Watch,Apple Watch Series 6 Nike 40MM Space Gray Aluminum GPS – Anthracite/Black Nike Sport Band,111990,,False,2026-02-20 10:21:08
LifeMobile,LifeMobile Watch,Apple Watch SE 44MM Gold Aluminum GPS + Cellular – Plum Sport Loop,136000,,False,2026-02-20 10:21:08
LifeMobile,LifeMobile Watch,Apple Watch SE 40MM Silver Aluminum GPS – White Sport Band,103999,,False,2026-02-20 10:21:08
LifeMobile,LifeMobile Watch,Apple Watch SE 40MM Space Gray Aluminum GPS – Black Sport Band,120990,,False,2026-02-20 10:21:08
LifeMobile,LifeMobile Watch,Apple Watch SE 40MM Gold Aluminum GPS – Pink Sand Sport Band,84149,,False,2026-02-20 10:21:08
LifeMobile,LifeMobile Watch,Apple Watch SE Nike 44MM Space Gray Aluminum GPS – Anthracite/Black Nike Sport Band,135999,,False,2026-02-20 10:21:08
LifeMobile,LifeMobile Watch,Apple Watch SE 44MM Gold Aluminum GPS – Pink Sand Sport Band,119000,,False,2026-02-20 10:21:08
LifeMobile,LifeMobile Watch,Apple Watch SE 44MM Space Gray Aluminum GPS – Black Sport Band,115000,,False,2026-02-20 10:21:08
LifeMobile,LifeMobile Watch,Apple Watch SE 44MM Silver Aluminum GPS – White Sport Band,135999,,False,2026-02-20 10:21:08
LifeMobile,LifeMobile Watch,Apple Watch Series 6 40MM Blue Aluminum GPS – Deep Navy Sport Band,103000,,False,2026-02-20 10:21:08
LifeMobile,LifeMobile Watch,Apple Watch Series 6 40MM Space Gray Aluminum GPS – Black Sport Band,106149,,False,2026-02-20 10:21:08
LifeMobile,LifeMobile Watch,Apple Watch Series 6 40MM Gold Aluminum GPS – Pink Sand Sport Band,106149,,False,2026-02-20 10:21:08
LifeMobile,LifeMobile Watch,Apple Watch Series 6 40MM Product (RED) Aluminum GPS – Red Sport Band,87088,,False,2026-02-20 10:21:08
LifeMobile,LifeMobile Watch,Apple Watch Series 6 40MM Silver Aluminum GPS – White Sport Band,109500,,False,2026-02-20 10:21:08
